unique_id,Painting
1,The Persistence of Memory
2,The Persistence of Memory
3,The Persistence of Memory
4,The Persistence of Memory
6,The Persistence of Memory
7,The Persistence of Memory
8,The Persistence of Memory
9,The Persistence of Memory
13,The Persistence of Memory
14,The Persistence of Memory
15,The Persistence of Memory
18,The Persistence of Memory
19,The Persistence of Memory
21,The Persistence of Memory
22,The Persistence of Memory
23,The Persistence of Memory
24,The Persistence of Memory
26,The Persistence of Memory
29,The Persistence of Memory
30,The Persistence of Memory
31,The Persistence of Memory
32,The Persistence of Memory
33,The Persistence of Memory
34,The Persistence of Memory
35,The Persistence of Memory
38,The Persistence of Memory
39,The Persistence of Memory
40,The Persistence of Memory
41,The Persistence of Memory
42,The Persistence of Memory
43,The Persistence of Memory
47,The Persistence of Memory
48,The Persistence of Memory
49,The Persistence of Memory
50,The Persistence of Memory
51,The Persistence of Memory
52,The Persistence of Memory
54,The Persistence of Memory
55,The Persistence of Memory
56,The Persistence of Memory
58,The Persistence of Memory
59,The Persistence of Memory
60,The Persistence of Memory
61,The Persistence of Memory
64,The Persistence of Memory
65,The Persistence of Memory
66,The Persistence of Memory
69,The Persistence of Memory
70,The Persistence of Memory
71,The Persistence of Memory
72,The Persistence of Memory
73,The Persistence of Memory
74,The Persistence of Memory
77,The Persistence of Memory
78,The Persistence of Memory
79,The Persistence of Memory
80,The Persistence of Memory
81,The Persistence of Memory
83,The Persistence of Memory
84,The Persistence of Memory
85,The Persistence of Memory
88,The Persistence of Memory
89,The Persistence of Memory
91,The Persistence of Memory
92,The Persistence of Memory
93,The Persistence of Memory
94,The Persistence of Memory
95,The Persistence of Memory
96,The Persistence of Memory
98,The Persistence of Memory
99,The Persistence of Memory
101,The Persistence of Memory
102,The Persistence of Memory
103,The Persistence of Memory
104,The Persistence of Memory
106,The Persistence of Memory
108,The Persistence of Memory
110,The Persistence of Memory
111,The Persistence of Memory
112,The Persistence of Memory
114,The Persistence of Memory
116,The Persistence of Memory
117,The Persistence of Memory
118,The Persistence of Memory
119,The Persistence of Memory
120,The Persistence of Memory
123,The Persistence of Memory
125,The Persistence of Memory
126,The Persistence of Memory
127,The Persistence of Memory
128,The Persistence of Memory
129,The Persistence of Memory
130,The Persistence of Memory
131,The Persistence of Memory
132,The Persistence of Memory
134,The Persistence of Memory
135,The Persistence of Memory
137,The Persistence of Memory
138,The Persistence of Memory
140,The Persistence of Memory
141,The Persistence of Memory
142,The Persistence of Memory
143,The Persistence of Memory
146,The Persistence of Memory
149,The Persistence of Memory
150,The Persistence of Memory
153,The Persistence of Memory
155,The Persistence of Memory
158,The Persistence of Memory
159,The Persistence of Memory
160,The Persistence of Memory
161,The Persistence of Memory
163,The Persistence of Memory
164,The Persistence of Memory
165,The Persistence of Memory
167,The Persistence of Memory
168,The Persistence of Memory
169,The Persistence of Memory
171,The Persistence of Memory
173,The Persistence of Memory
174,The Persistence of Memory
175,The Persistence of Memory
176,The Persistence of Memory
178,The Persistence of Memory
179,The Persistence of Memory
180,The Persistence of Memory
181,The Persistence of Memory
182,The Persistence of Memory
183,The Persistence of Memory
184,The Persistence of Memory
187,The Persistence of Memory
188,The Persistence of Memory
190,The Persistence of Memory
191,The Persistence of Memory
192,The Persistence of Memory
193,The Persistence of Memory
194,The Persistence of Memory
196,The Persistence of Memory
197,The Persistence of Memory
198,The Persistence of Memory
199,The Persistence of Memory
200,The Persistence of Memory
201,The Persistence of Memory
204,The Persistence of Memory
207,The Persistence of Memory
208,The Persistence of Memory
209,The Persistence of Memory
211,The Persistence of Memory
212,The Persistence of Memory
213,The Persistence of Memory
215,The Persistence of Memory
216,The Persistence of Memory
217,The Persistence of Memory
218,The Persistence of Memory
219,The Persistence of Memory
221,The Persistence of Memory
1,The Starry Night
2,The Starry Night
3,The Starry Night
4,The Starry Night
6,The Starry Night
7,The Starry Night
8,The Starry Night
9,The Starry Night
13,The Starry Night
14,The Starry Night
15,The Starry Night
18,The Starry Night
19,The Starry Night
21,The Starry Night
22,The Starry Night
23,The Starry Night
24,The Starry Night
26,The Starry Night
29,The Starry Night
30,The Starry Night
31,The Starry Night
32,The Starry Night
33,The Starry Night
34,The Starry Night
35,The Starry Night
38,The Starry Night
39,The Starry Night
40,The Starry Night
41,The Starry Night
42,The Starry Night
43,The Starry Night
47,The Starry Night
48,The Starry Night
49,The Starry Night
50,The Starry Night
51,The Starry Night
52,The Starry Night
54,The Starry Night
55,The Starry Night
56,The Starry Night
58,The Starry Night
59,The Starry Night
60,The Starry Night
61,The Starry Night
64,The Starry Night
65,The Starry Night
66,The Starry Night
69,The Starry Night
70,The Starry Night
71,The Starry Night
72,The Starry Night
73,The Starry Night
74,The Starry Night
77,The Starry Night
78,The Starry Night
79,The Starry Night
80,The Starry Night
81,The Starry Night
83,The Starry Night
84,The Starry Night
85,The Starry Night
88,The Starry Night
89,The Starry Night
91,The Starry Night
92,The Starry Night
93,The Starry Night
94,The Starry Night
95,The Starry Night
96,The Starry Night
98,The Starry Night
99,The Starry Night
101,The Starry Night
102,The Starry Night
103,The Starry Night
104,The Starry Night
106,The Starry Night
108,The Starry Night
110,The Starry Night
111,The Starry Night
112,The Starry Night
114,The Starry Night
116,The Starry Night
117,The Starry Night
118,The Starry Night
119,The Starry Night
120,The Starry Night
123,The Starry Night
125,The Starry Night
126,The Starry Night
127,The Starry Night
128,The Starry Night
129,The Starry Night
130,The Starry Night
131,The Starry Night
132,The Starry Night
134,The Starry Night
135,The Starry Night
137,The Starry Night
138,The Starry Night
140,The Starry Night
141,The Starry Night
142,The Starry Night
143,The Starry Night
146,The Starry Night
149,The Starry Night
150,The Starry Night
153,The Starry Night
155,The Starry Night
158,The Starry Night
159,The Starry Night
160,The Starry Night
161,The Starry Night
163,The Starry Night
164,The Starry Night
165,The Starry Night
167,The Starry Night
168,The Starry Night
169,The Starry Night
171,The Starry Night
173,The Starry Night
174,The Starry Night
175,The Starry Night
176,The Starry Night
178,The Starry Night
179,The Starry Night
180,The Starry Night
181,The Starry Night
182,The Starry Night
183,The Starry Night
184,The Starry Night
187,The Starry Night
188,The Starry Night
190,The Starry Night
191,The Starry Night
192,The Starry Night
193,The Starry Night
194,The Starry Night
196,The Starry Night
197,The Starry Night
198,The Starry Night
199,The Starry Night
200,The Starry Night
201,The Starry Night
204,The Starry Night
207,The Starry Night
208,The Starry Night
209,The Starry Night
211,The Starry Night
212,The Starry Night
213,The Starry Night
215,The Starry Night
216,The Starry Night
217,The Starry Night
218,The Starry Night
219,The Starry Night
221,The Starry Night
1,The Water Lily Pond
2,The Water Lily Pond
3,The Water Lily Pond
4,The Water Lily Pond
6,The Water Lily Pond
7,The Water Lily Pond
8,The Water Lily Pond
9,The Water Lily Pond
13,The Water Lily Pond
14,The Water Lily Pond
15,The Water Lily Pond
18,The Water Lily Pond
19,The Water Lily Pond
21,The Water Lily Pond
22,The Water Lily Pond
23,The Water Lily Pond
24,The Water Lily Pond
26,The Water Lily Pond
29,The Water Lily Pond
30,The Water Lily Pond
31,The Water Lily Pond
32,The Water Lily Pond
33,The Water Lily Pond
34,The Water Lily Pond
35,The Water Lily Pond
38,The Water Lily Pond
39,The Water Lily Pond
40,The Water Lily Pond
41,The Water Lily Pond
42,The Water Lily Pond
43,The Water Lily Pond
47,The Water Lily Pond
48,The Water Lily Pond
49,The Water Lily Pond
50,The Water Lily Pond
51,The Water Lily Pond
52,The Water Lily Pond
54,The Water Lily Pond
55,The Water Lily Pond
56,The Water Lily Pond
58,The Water Lily Pond
59,The Water Lily Pond
60,The Water Lily Pond
61,The Water Lily Pond
64,The Water Lily Pond
65,The Water Lily Pond
66,The Water Lily Pond
69,The Water Lily Pond
70,The Water Lily Pond
71,The Water Lily Pond
72,The Water Lily Pond
73,The Water Lily Pond
74,The Water Lily Pond
77,The Water Lily Pond
78,The Water Lily Pond
79,The Water Lily Pond
80,The Water Lily Pond
81,The Water Lily Pond
83,The Water Lily Pond
84,The Water Lily Pond
85,The Water Lily Pond
88,The Water Lily Pond
89,The Water Lily Pond
91,The Water Lily Pond
92,The Water Lily Pond
93,The Water Lily Pond
94,The Water Lily Pond
95,The Water Lily Pond
96,The Water Lily Pond
98,The Water Lily Pond
99,The Water Lily Pond
101,The Water Lily Pond
102,The Water Lily Pond
103,The Water Lily Pond
104,The Water Lily Pond
106,The Water Lily Pond
108,The Water Lily Pond
110,The Water Lily Pond
111,The Water Lily Pond
112,The Water Lily Pond
114,The Water Lily Pond
116,The Water Lily Pond
117,The Water Lily Pond
118,The Water Lily Pond
119,The Water Lily Pond
120,The Water Lily Pond
123,The Water Lily Pond
125,The Water Lily Pond
126,The Water Lily Pond
127,The Water Lily Pond
128,The Water Lily Pond
129,The Water Lily Pond
130,The Water Lily Pond
131,The Water Lily Pond
132,The Water Lily Pond
134,The Water Lily Pond
135,The Water Lily Pond
137,The Water Lily Pond
138,The Water Lily Pond
140,The Water Lily Pond
141,The Water Lily Pond
142,The Water Lily Pond
143,The Water Lily Pond
146,The Water Lily Pond
149,The Water Lily Pond
150,The Water Lily Pond
153,The Water Lily Pond
155,The Water Lily Pond
158,The Water Lily Pond
159,The Water Lily Pond
160,The Water Lily Pond
161,The Water Lily Pond
163,The Water Lily Pond
164,The Water Lily Pond
165,The Water Lily Pond
167,The Water Lily Pond
168,The Water Lily Pond
169,The Water Lily Pond
171,The Water Lily Pond
173,The Water Lily Pond
174,The Water Lily Pond
175,The Water Lily Pond
176,The Water Lily Pond
178,The Water Lily Pond
179,The Water Lily Pond
180,The Water Lily Pond
181,The Water Lily Pond
182,The Water Lily Pond
183,The Water Lily Pond
184,The Water Lily Pond
187,The Water Lily Pond
188,The Water Lily Pond
190,The Water Lily Pond
191,The Water Lily Pond
192,The Water Lily Pond
193,The Water Lily Pond
194,The Water Lily Pond
196,The Water Lily Pond
197,The Water Lily Pond
198,The Water Lily Pond
199,The Water Lily Pond
200,The Water Lily Pond
201,The Water Lily Pond
204,The Water Lily Pond
207,The Water Lily Pond
208,The Water Lily Pond
209,The Water Lily Pond
211,The Water Lily Pond
212,The Water Lily Pond
213,The Water Lily Pond
215,The Water Lily Pond
216,The Water Lily Pond
217,The Water Lily Pond
218,The Water Lily Pond
219,The Water Lily Pond
221,The Water Lily Pond
222,The Persistence of Memory
223,The Persistence of Memory
224,The Persistence of Memory
225,The Persistence of Memory
226,The Persistence of Memory
227,The Persistence of Memory
228,The Persistence of Memory
231,The Persistence of Memory
232,The Persistence of Memory
235,The Persistence of Memory
236,The Persistence of Memory
237,The Persistence of Memory
238,The Persistence of Memory
239,The Persistence of Memory
241,The Persistence of Memory
242,The Persistence of Memory
243,The Persistence of Memory
244,The Persistence of Memory
246,The Persistence of Memory
247,The Persistence of Memory
248,The Persistence of Memory
249,The Persistence of Memory
250,The Persistence of Memory
252,The Persistence of Memory
253,The Persistence of Memory
254,The Persistence of Memory
256,The Persistence of Memory
259,The Persistence of Memory
260,The Persistence of Memory
261,The Persistence of Memory
264,The Persistence of Memory
266,The Persistence of Memory
267,The Persistence of Memory
272,The Persistence of Memory
273,The Persistence of Memory
274,The Persistence of Memory
276,The Persistence of Memory
277,The Persistence of Memory
278,The Persistence of Memory
281,The Persistence of Memory
282,The Persistence of Memory
283,The Persistence of Memory
284,The Persistence of Memory
285,The Persistence of Memory
286,The Persistence of Memory
287,The Persistence of Memory
289,The Persistence of Memory
290,The Persistence of Memory
291,The Persistence of Memory
292,The Persistence of Memory
294,The Persistence of Memory
295,The Persistence of Memory
296,The Persistence of Memory
298,The Persistence of Memory
299,The Persistence of Memory
300,The Persistence of Memory
301,The Persistence of Memory
302,The Persistence of Memory
303,The Persistence of Memory
304,The Persistence of Memory
305,The Persistence of Memory
307,The Persistence of Memory
308,The Persistence of Memory
309,The Persistence of Memory
310,The Persistence of Memory
312,The Persistence of Memory
314,The Persistence of Memory
319,The Persistence of Memory
320,The Persistence of Memory
321,The Persistence of Memory
322,The Persistence of Memory
323,The Persistence of Memory
324,The Persistence of Memory
326,The Persistence of Memory
327,The Persistence of Memory
328,The Persistence of Memory
330,The Persistence of Memory
331,The Persistence of Memory
332,The Persistence of Memory
333,The Persistence of Memory
334,The Persistence of Memory
335,The Persistence of Memory
336,The Persistence of Memory
337,The Persistence of Memory
338,The Persistence of Memory
339,The Persistence of Memory
340,The Persistence of Memory
341,The Persistence of Memory
342,The Persistence of Memory
343,The Persistence of Memory
344,The Persistence of Memory
345,The Persistence of Memory
346,The Persistence of Memory
347,The Persistence of Memory
348,The Persistence of Memory
350,The Persistence of Memory
352,The Persistence of Memory
354,The Persistence of Memory
355,The Persistence of Memory
356,The Persistence of Memory
357,The Persistence of Memory
359,The Persistence of Memory
360,The Persistence of Memory
361,The Persistence of Memory
362,The Persistence of Memory
363,The Persistence of Memory
367,The Persistence of Memory
369,The Persistence of Memory
371,The Persistence of Memory
374,The Persistence of Memory
375,The Persistence of Memory
378,The Persistence of Memory
379,The Persistence of Memory
380,The Persistence of Memory
385,The Persistence of Memory
386,The Persistence of Memory
387,The Persistence of Memory
388,The Persistence of Memory
389,The Persistence of Memory
391,The Persistence of Memory
392,The Persistence of Memory
393,The Persistence of Memory
394,The Persistence of Memory
395,The Persistence of Memory
396,The Persistence of Memory
397,The Persistence of Memory
398,The Persistence of Memory
400,The Persistence of Memory
401,The Persistence of Memory
402,The Persistence of Memory
403,The Persistence of Memory
405,The Persistence of Memory
407,The Persistence of Memory
408,The Persistence of Memory
409,The Persistence of Memory
410,The Persistence of Memory
411,The Persistence of Memory
413,The Persistence of Memory
414,The Persistence of Memory
415,The Persistence of Memory
416,The Persistence of Memory
417,The Persistence of Memory
418,The Persistence of Memory
420,The Persistence of Memory
424,The Persistence of Memory
425,The Persistence of Memory
428,The Persistence of Memory
431,The Persistence of Memory
432,The Persistence of Memory
434,The Persistence of Memory
435,The Persistence of Memory
436,The Persistence of Memory
438,The Persistence of Memory
439,The Persistence of Memory
440,The Persistence of Memory
442,The Persistence of Memory
444,The Persistence of Memory
445,The Persistence of Memory
447,The Persistence of Memory
449,The Persistence of Memory
450,The Persistence of Memory
451,The Persistence of Memory
452,The Persistence of Memory
454,The Persistence of Memory
456,The Persistence of Memory
457,The Persistence of Memory
459,The Persistence of Memory
460,The Persistence of Memory
462,The Persistence of Memory
463,The Persistence of Memory
464,The Persistence of Memory
465,The Persistence of Memory
469,The Persistence of Memory
471,The Persistence of Memory
473,The Persistence of Memory
474,The Persistence of Memory
476,The Persistence of Memory
477,The Persistence of Memory
478,The Persistence of Memory
479,The Persistence of Memory
480,The Persistence of Memory
481,The Persistence of Memory
482,The Persistence of Memory
483,The Persistence of Memory
484,The Persistence of Memory
485,The Persistence of Memory
486,The Persistence of Memory
491,The Persistence of Memory
492,The Persistence of Memory
493,The Persistence of Memory
494,The Persistence of Memory
495,The Persistence of Memory
498,The Persistence of Memory
499,The Persistence of Memory
501,The Persistence of Memory
502,The Persistence of Memory
504,The Persistence of Memory
505,The Persistence of Memory
506,The Persistence of Memory
507,The Persistence of Memory
508,The Persistence of Memory
511,The Persistence of Memory
513,The Persistence of Memory
514,The Persistence of Memory
515,The Persistence of Memory
516,The Persistence of Memory
518,The Persistence of Memory
519,The Persistence of Memory
521,The Persistence of Memory
522,The Persistence of Memory
523,The Persistence of Memory
525,The Persistence of Memory
527,The Persistence of Memory
528,The Persistence of Memory
529,The Persistence of Memory
533,The Persistence of Memory
534,The Persistence of Memory
535,The Persistence of Memory
536,The Persistence of Memory
537,The Persistence of Memory
539,The Persistence of Memory
540,The Persistence of Memory
543,The Persistence of Memory
544,The Persistence of Memory
545,The Persistence of Memory
546,The Persistence of Memory
547,The Persistence of Memory
548,The Persistence of Memory
550,The Persistence of Memory
551,The Persistence of Memory
552,The Persistence of Memory
553,The Persistence of Memory
554,The Persistence of Memory
557,The Persistence of Memory
558,The Persistence of Memory
561,The Persistence of Memory
562,The Persistence of Memory
222,The Starry Night
223,The Starry Night
224,The Starry Night
225,The Starry Night
226,The Starry Night
227,The Starry Night
228,The Starry Night
231,The Starry Night
232,The Starry Night
235,The Starry Night
236,The Starry Night
237,The Starry Night
238,The Starry Night
239,The Starry Night
241,The Starry Night
242,The Starry Night
243,The Starry Night
244,The Starry Night
246,The Starry Night
247,The Starry Night
248,The Starry Night
249,The Starry Night
250,The Starry Night
252,The Starry Night
253,The Starry Night
254,The Starry Night
256,The Starry Night
259,The Starry Night
260,The Starry Night
261,The Starry Night
264,The Starry Night
266,The Starry Night
267,The Starry Night
272,The Starry Night
273,The Starry Night
274,The Starry Night
276,The Starry Night
277,The Starry Night
278,The Starry Night
281,The Starry Night
282,The Starry Night
283,The Starry Night
284,The Starry Night
285,The Starry Night
286,The Starry Night
287,The Starry Night
289,The Starry Night
290,The Starry Night
291,The Starry Night
292,The Starry Night
294,The Starry Night
295,The Starry Night
296,The Starry Night
298,The Starry Night
299,The Starry Night
300,The Starry Night
301,The Starry Night
302,The Starry Night
303,The Starry Night
304,The Starry Night
305,The Starry Night
307,The Starry Night
308,The Starry Night
309,The Starry Night
310,The Starry Night
312,The Starry Night
314,The Starry Night
319,The Starry Night
320,The Starry Night
321,The Starry Night
322,The Starry Night
323,The Starry Night
324,The Starry Night
326,The Starry Night
327,The Starry Night
328,The Starry Night
330,The Starry Night
331,The Starry Night
332,The Starry Night
333,The Starry Night
334,The Starry Night
335,The Starry Night
336,The Starry Night
337,The Starry Night
338,The Starry Night
339,The Starry Night
340,The Starry Night
341,The Starry Night
342,The Starry Night
343,The Starry Night
344,The Starry Night
345,The Starry Night
346,The Starry Night
347,The Starry Night
348,The Starry Night
350,The Starry Night
352,The Starry Night
354,The Starry Night
355,The Starry Night
356,The Starry Night
357,The Starry Night
359,The Starry Night
360,The Starry Night
361,The Starry Night
362,The Starry Night
363,The Starry Night
367,The Starry Night
369,The Starry Night
371,The Starry Night
374,The Starry Night
375,The Starry Night
378,The Starry Night
379,The Starry Night
380,The Starry Night
385,The Starry Night
386,The Starry Night
387,The Starry Night
388,The Starry Night
389,The Starry Night
391,The Starry Night
392,The Starry Night
393,The Starry Night
394,The Starry Night
395,The Starry Night
396,The Starry Night
397,The Starry Night
398,The Starry Night
400,The Starry Night
401,The Starry Night
402,The Starry Night
403,The Starry Night
405,The Starry Night
407,The Starry Night
408,The Starry Night
409,The Starry Night
410,The Starry Night
411,The Starry Night
413,The Starry Night
414,The Starry Night
415,The Starry Night
416,The Starry Night
417,The Starry Night
418,The Starry Night
420,The Starry Night
424,The Starry Night
425,The Starry Night
428,The Starry Night
431,The Starry Night
432,The Starry Night
434,The Starry Night
435,The Starry Night
436,The Starry Night
438,The Starry Night
439,The Starry Night
440,The Starry Night
442,The Starry Night
444,The Starry Night
445,The Starry Night
447,The Starry Night
449,The Starry Night
450,The Starry Night
451,The Starry Night
452,The Starry Night
454,The Starry Night
456,The Starry Night
457,The Starry Night
459,The Starry Night
460,The Starry Night
462,The Starry Night
463,The Starry Night
464,The Starry Night
465,The Starry Night
469,The Starry Night
471,The Starry Night
473,The Starry Night
474,The Starry Night
476,The Starry Night
477,The Starry Night
478,The Starry Night
479,The Starry Night
480,The Starry Night
481,The Starry Night
482,The Starry Night
483,The Starry Night
484,The Starry Night
485,The Starry Night
486,The Starry Night
491,The Starry Night
492,The Starry Night
493,The Starry Night
494,The Starry Night
495,The Starry Night
498,The Starry Night
499,The Starry Night
501,The Starry Night
502,The Starry Night
504,The Starry Night
505,The Starry Night
506,The Starry Night
507,The Starry Night
508,The Starry Night
511,The Starry Night
513,The Starry Night
514,The Starry Night
515,The Starry Night
516,The Starry Night
518,The Starry Night
519,The Starry Night
521,The Starry Night
522,The Starry Night
523,The Starry Night
525,The Starry Night
527,The Starry Night
528,The Starry Night
529,The Starry Night
533,The Starry Night
534,The Starry Night
535,The Starry Night
536,The Starry Night
537,The Starry Night
539,The Starry Night
540,The Starry Night
543,The Starry Night
544,The Starry Night
545,The Starry Night
546,The Starry Night
547,The Starry Night
548,The Starry Night
550,The Starry Night
551,The Starry Night
552,The Starry Night
553,The Starry Night
554,The Starry Night
557,The Starry Night
558,The Starry Night
561,The Starry Night
562,The Starry Night
222,The Water Lily Pond
223,The Water Lily Pond
224,The Water Lily Pond
225,The Water Lily Pond
226,The Water Lily Pond
227,The Water Lily Pond
228,The Water Lily Pond
231,The Water Lily Pond
232,The Water Lily Pond
235,The Water Lily Pond
236,The Water Lily Pond
237,The Water Lily Pond
238,The Water Lily Pond
239,The Water Lily Pond
241,The Water Lily Pond
242,The Water Lily Pond
243,The Water Lily Pond
244,The Water Lily Pond
246,The Water Lily Pond
247,The Water Lily Pond
248,The Water Lily Pond
249,The Water Lily Pond
250,The Water Lily Pond
252,The Water Lily Pond
253,The Water Lily Pond
254,The Water Lily Pond
256,The Water Lily Pond
259,The Water Lily Pond
260,The Water Lily Pond
261,The Water Lily Pond
264,The Water Lily Pond
266,The Water Lily Pond
267,The Water Lily Pond
272,The Water Lily Pond
273,The Water Lily Pond
274,The Water Lily Pond
276,The Water Lily Pond
277,The Water Lily Pond
278,The Water Lily Pond
281,The Water Lily Pond
282,The Water Lily Pond
283,The Water Lily Pond
284,The Water Lily Pond
285,The Water Lily Pond
286,The Water Lily Pond
287,The Water Lily Pond
289,The Water Lily Pond
290,The Water Lily Pond
291,The Water Lily Pond
292,The Water Lily Pond
294,The Water Lily Pond
295,The Water Lily Pond
296,The Water Lily Pond
298,The Water Lily Pond
299,The Water Lily Pond
300,The Water Lily Pond
301,The Water Lily Pond
302,The Water Lily Pond
303,The Water Lily Pond
304,The Water Lily Pond
305,The Water Lily Pond
307,The Water Lily Pond
308,The Water Lily Pond
309,The Water Lily Pond
310,The Water Lily Pond
312,The Water Lily Pond
314,The Water Lily Pond
319,The Water Lily Pond
320,The Water Lily Pond
321,The Water Lily Pond
322,The Water Lily Pond
323,The Water Lily Pond
324,The Water Lily Pond
326,The Water Lily Pond
327,The Water Lily Pond
328,The Water Lily Pond
330,The Water Lily Pond
331,The Water Lily Pond
332,The Water Lily Pond
333,The Water Lily Pond
334,The Water Lily Pond
335,The Water Lily Pond
336,The Water Lily Pond
337,The Water Lily Pond
338,The Water Lily Pond
339,The Water Lily Pond
340,The Water Lily Pond
341,The Water Lily Pond
342,The Water Lily Pond
343,The Water Lily Pond
344,The Water Lily Pond
345,The Water Lily Pond
346,The Water Lily Pond
347,The Water Lily Pond
348,The Water Lily Pond
350,The Water Lily Pond
352,The Water Lily Pond
354,The Water Lily Pond
355,The Water Lily Pond
356,The Water Lily Pond
357,The Water Lily Pond
359,The Water Lily Pond
360,The Water Lily Pond
361,The Water Lily Pond
362,The Water Lily Pond
363,The Water Lily Pond
367,The Water Lily Pond
369,The Water Lily Pond
371,The Water Lily Pond
374,The Water Lily Pond
375,The Water Lily Pond
378,The Water Lily Pond
379,The Water Lily Pond
380,The Water Lily Pond
385,The Water Lily Pond
386,The Water Lily Pond
387,The Water Lily Pond
388,The Water Lily Pond
389,The Water Lily Pond
391,The Water Lily Pond
392,The Water Lily Pond
393,The Water Lily Pond
394,The Water Lily Pond
395,The Water Lily Pond
396,The Water Lily Pond
397,The Water Lily Pond
398,The Water Lily Pond
400,The Water Lily Pond
401,The Water Lily Pond
402,The Water Lily Pond
403,The Water Lily Pond
405,The Water Lily Pond
407,The Water Lily Pond
408,The Water Lily Pond
409,The Water Lily Pond
410,The Water Lily Pond
411,The Water Lily Pond
413,The Water Lily Pond
414,The Water Lily Pond
415,The Water Lily Pond
416,The Water Lily Pond
417,The Water Lily Pond
418,The Water Lily Pond
420,The Water Lily Pond
424,The Water Lily Pond
425,The Water Lily Pond
428,The Water Lily Pond
431,The Water Lily Pond
432,The Water Lily Pond
434,The Water Lily Pond
435,The Water Lily Pond
436,The Water Lily Pond
438,The Water Lily Pond
439,The Water Lily Pond
440,The Water Lily Pond
442,The Water Lily Pond
444,The Water Lily Pond
445,The Water Lily Pond
447,The Water Lily Pond
449,The Water Lily Pond
450,The Water Lily Pond
451,The Water Lily Pond
452,The Water Lily Pond
454,The Water Lily Pond
456,The Water Lily Pond
457,The Water Lily Pond
459,The Water Lily Pond
460,The Water Lily Pond
462,The Water Lily Pond
463,The Water Lily Pond
464,The Water Lily Pond
465,The Water Lily Pond
469,The Water Lily Pond
471,The Water Lily Pond
473,The Water Lily Pond
474,The Water Lily Pond
476,The Water Lily Pond
477,The Water Lily Pond
478,The Water Lily Pond
479,The Water Lily Pond
480,The Water Lily Pond
481,The Water Lily Pond
482,The Water Lily Pond
483,The Water Lily Pond
484,The Water Lily Pond
485,The Water Lily Pond
486,The Water Lily Pond
491,The Water Lily Pond
492,The Water Lily Pond
493,The Water Lily Pond
494,The Water Lily Pond
495,The Water Lily Pond
498,The Water Lily Pond
499,The Water Lily Pond
501,The Water Lily Pond
502,The Water Lily Pond
504,The Water Lily Pond
505,The Water Lily Pond
506,The Water Lily Pond
507,The Water Lily Pond
508,The Water Lily Pond
511,The Water Lily Pond
513,The Water Lily Pond
514,The Water Lily Pond
515,The Water Lily Pond
516,The Water Lily Pond
518,The Water Lily Pond
519,The Water Lily Pond
521,The Water Lily Pond
522,The Water Lily Pond
523,The Water Lily Pond
525,The Water Lily Pond
527,The Water Lily Pond
528,The Water Lily Pond
529,The Water Lily Pond
533,The Water Lily Pond
534,The Water Lily Pond
535,The Water Lily Pond
536,The Water Lily Pond
537,The Water Lily Pond
539,The Water Lily Pond
540,The Water Lily Pond
543,The Water Lily Pond
544,The Water Lily Pond
545,The Water Lily Pond
546,The Water Lily Pond
547,The Water Lily Pond
548,The Water Lily Pond
550,The Water Lily Pond
551,The Water Lily Pond
552,The Water Lily Pond
553,The Water Lily Pond
554,The Water Lily Pond
557,The Water Lily Pond
558,The Water Lily Pond
561,The Water Lily Pond
562,The Water Lily Pond
